{
    "accuracy": 0.9376908979841173,
    "precision": 0.803030303030303,
    "recall": 0.7162162162162162
}
